{
	"info": {
		"_postman_id": "69b0fbe9-748b-480c-aa78-eb6fb7bfa859",
		"name": "Ecom",
		"schema": "https://schema.getpostman.com/json/collection/v2.1.0/collection.json",
		"_exporter_id": "39406886",
		"_collection_link": "https://flutter-0473.postman.co/workspace/Python11~3a3fdb56-db14-48f8-8942-ff081f9b71e5/collection/39406886-69b0fbe9-748b-480c-aa78-eb6fb7bfa859?action=share&source=collection_link&creator=39406886"
	},
	"item": [
		{
			"name": "brands",
			"request": {
				"method": "GET",
				"header": [],
				"url": {
					"raw": "{{BASEURL}}/brands/",
					"host": [
						"{{BASEURL}}"
					],
					"path": [
						"brands",
						""
					]
				}
			},
			"response": [
				{
					"name": "brands",
					"originalRequest": {
						"method": "GET",
						"header": [],
						"url": {
							"raw": "{{BASEURL}}/brands/",
							"host": [
								"{{BASEURL}}"
							],
							"path": [
								"brands",
								""
							]
						}
					},
					"status": "OK",
					"code": 200,
					"_postman_previewlanguage": null,
					"header": [
						{
							"key": "Date",
							"value": "Tue, 23 Dec 2025 16:54:29 GMT"
						},
						{
							"key": "Server",
							"value": "WSGIServer/0.2 CPython/3.12.12"
						},
						{
							"key": "Content-Type",
							"value": "application/json"
						},
						{
							"key": "X-Frame-Options",
							"value": "DENY"
						},
						{
							"key": "Content-Length",
							"value": "817"
						},
						{
							"key": "X-Content-Type-Options",
							"value": "nosniff"
						},
						{
							"key": "Referrer-Policy",
							"value": "same-origin"
						},
						{
							"key": "Cross-Origin-Opener-Policy",
							"value": "same-origin"
						}
					],
					"cookie": [],
					"body": "{\n    \"status\": true,\n    \"message\": \"success\",\n    \"data\": [\n        {\n            \"id\": 1,\n            \"brandName\": \"Apple\",\n            \"brandImg\": \"https://placehold.co/600x400\"\n        },\n        {\n            \"id\": 2,\n            \"brandName\": \"Samsung\",\n            \"brandImg\": \"https://placehold.co/600x400\"\n        },\n        {\n            \"id\": 3,\n            \"brandName\": \"Xiaomi\",\n            \"brandImg\": \"https://placehold.co/600x400\"\n        },\n        {\n            \"id\": 4,\n            \"brandName\": \"Sony\",\n            \"brandImg\": \"https://placehold.co/600x400\"\n        },\n        {\n            \"id\": 5,\n            \"brandName\": \"Huawei\",\n            \"brandImg\": \"https://placehold.co/600x400\"\n        },\n        {\n            \"id\": 6,\n            \"brandName\": \"Dell\",\n            \"brandImg\": \"https://placehold.co/600x400\"\n        },\n        {\n            \"id\": 7,\n            \"brandName\": \"HP\",\n            \"brandImg\": \"https://placehold.co/600x400\"\n        },\n        {\n            \"id\": 8,\n            \"brandName\": \"Lenovo\",\n            \"brandImg\": \"https://placehold.co/600x400\"\n        },\n        {\n            \"id\": 9,\n            \"brandName\": \"Asus\",\n            \"brandImg\": \"https://placehold.co/600x400\"\n        },\n        {\n            \"id\": 10,\n            \"brandName\": \"Nike\",\n            \"brandImg\": \"https://placehold.co/600x400\"\n        }\n    ]\n}"
				}
			]
		},
		{
			"name": "categories",
			"request": {
				"method": "GET",
				"header": [],
				"url": {
					"raw": "{{BASEURL}}/categories/",
					"host": [
						"{{BASEURL}}"
					],
					"path": [
						"categories",
						""
					]
				}
			},
			"response": [
				{
					"name": "categories",
					"originalRequest": {
						"method": "GET",
						"header": [],
						"url": {
							"raw": "{{BASEURL}}/categories/",
							"host": [
								"{{BASEURL}}"
							],
							"path": [
								"categories",
								""
							]
						}
					},
					"status": "OK",
					"code": 200,
					"_postman_previewlanguage": null,
					"header": [
						{
							"key": "Date",
							"value": "Tue, 23 Dec 2025 16:55:41 GMT"
						},
						{
							"key": "Server",
							"value": "WSGIServer/0.2 CPython/3.12.12"
						},
						{
							"key": "Content-Type",
							"value": "application/json"
						},
						{
							"key": "X-Frame-Options",
							"value": "DENY"
						},
						{
							"key": "Content-Length",
							"value": "952"
						},
						{
							"key": "X-Content-Type-Options",
							"value": "nosniff"
						},
						{
							"key": "Referrer-Policy",
							"value": "same-origin"
						},
						{
							"key": "Cross-Origin-Opener-Policy",
							"value": "same-origin"
						}
					],
					"cookie": [],
					"body": "{\n    \"status\": true,\n    \"message\": \"success\",\n    \"data\": [\n        {\n            \"id\": 1,\n            \"categoryName\": \"Smartphones\",\n            \"categoryImg\": \"https://placehold.co/600x400\"\n        },\n        {\n            \"id\": 2,\n            \"categoryName\": \"Laptops\",\n            \"categoryImg\": \"https://placehold.co/600x400\"\n        },\n        {\n            \"id\": 3,\n            \"categoryName\": \"Headphones\",\n            \"categoryImg\": \"https://placehold.co/600x400\"\n        },\n        {\n            \"id\": 4,\n            \"categoryName\": \"Smart Watches\",\n            \"categoryImg\": \"https://placehold.co/600x400\"\n        },\n        {\n            \"id\": 5,\n            \"categoryName\": \"Television\",\n            \"categoryImg\": \"https://placehold.co/600x400\"\n        },\n        {\n            \"id\": 6,\n            \"categoryName\": \"Cameras\",\n            \"categoryImg\": \"https://placehold.co/600x400\"\n        },\n        {\n            \"id\": 7,\n            \"categoryName\": \"Gaming Consoles\",\n            \"categoryImg\": \"https://placehold.co/600x400\"\n        },\n        {\n            \"id\": 8,\n            \"categoryName\": \"Home Appliances\",\n            \"categoryImg\": \"https://placehold.co/600x400\"\n        },\n        {\n            \"id\": 9,\n            \"categoryName\": \"Fashion & Lifestyle\",\n            \"categoryImg\": \"https://placehold.co/600x400\"\n        },\n        {\n            \"id\": 10,\n            \"categoryName\": \"Sports & Fitness\",\n            \"categoryImg\": \"https://placehold.co/600x400\"\n        }\n    ]\n}"
				}
			]
		},
		{
			"name": "products/category/1",
			"request": {
				"method": "GET",
				"header": [],
				"url": {
					"raw": "{{BASEURL}}/products/category/1",
					"host": [
						"{{BASEURL}}"
					],
					"path": [
						"products",
						"category",
						"1"
					]
				}
			},
			"response": [
				{
					"name": "products/category/1",
					"originalRequest": {
						"method": "GET",
						"header": [],
						"url": {
							"raw": "{{BASEURL}}/products/category/1",
							"host": [
								"{{BASEURL}}"
							],
							"path": [
								"products",
								"category",
								"1"
							]
						}
					},
					"status": "OK",
					"code": 200,
					"_postman_previewlanguage": null,
					"header": [
						{
							"key": "Date",
							"value": "Tue, 23 Dec 2025 16:55:50 GMT"
						},
						{
							"key": "Server",
							"value": "WSGIServer/0.2 CPython/3.12.12"
						},
						{
							"key": "Content-Type",
							"value": "application/json"
						},
						{
							"key": "X-Frame-Options",
							"value": "DENY"
						},
						{
							"key": "Content-Length",
							"value": "514"
						},
						{
							"key": "X-Content-Type-Options",
							"value": "nosniff"
						},
						{
							"key": "Referrer-Policy",
							"value": "same-origin"
						},
						{
							"key": "Cross-Origin-Opener-Policy",
							"value": "same-origin"
						}
					],
					"cookie": [],
					"body": "{\n    \"status\": true,\n    \"message\": \"success\",\n    \"data\": [\n        {\n            \"id\": 1,\n            \"title\": \"iPhone 14 Pro\",\n            \"price\": \"1200\",\n            \"discount_price\": \"1080\",\n            \"image\": \"https://placehold.co/600x400\",\n            \"remark\": \"popular\",\n            \"star\": 4.8\n        },\n        {\n            \"id\": 2,\n            \"title\": \"Samsung Galaxy S23\",\n            \"price\": \"1100\",\n            \"discount_price\": \"968\",\n            \"image\": \"https://placehold.co/600x400\",\n            \"remark\": \"new\",\n            \"star\": 4.7\n        },\n        {\n            \"id\": 3,\n            \"title\": \"Xiaomi Redmi Note 12\",\n            \"price\": \"300\",\n            \"discount_price\": \"255\",\n            \"image\": \"https://placehold.co/600x400\",\n            \"remark\": \"top\",\n            \"star\": 4.5\n        }\n    ]\n}"
				}
			]
		},
		{
			"name": "products/remark/<str:remark>/",
			"request": {
				"method": "GET",
				"header": [],
				"url": {
					"raw": "{{BASEURL}}/products/remark/top",
					"host": [
						"{{BASEURL}}"
					],
					"path": [
						"products",
						"remark",
						"top"
					]
				}
			},
			"response": [
				{
					"name": "products/remark/<str:remark>/",
					"originalRequest": {
						"method": "GET",
						"header": [],
						"url": {
							"raw": "{{BASEURL}}/products/remark/top",
							"host": [
								"{{BASEURL}}"
							],
							"path": [
								"products",
								"remark",
								"top"
							]
						}
					},
					"status": "OK",
					"code": 200,
					"_postman_previewlanguage": null,
					"header": [
						{
							"key": "Date",
							"value": "Tue, 23 Dec 2025 16:55:57 GMT"
						},
						{
							"key": "Server",
							"value": "WSGIServer/0.2 CPython/3.12.12"
						},
						{
							"key": "Content-Type",
							"value": "application/json"
						},
						{
							"key": "X-Frame-Options",
							"value": "DENY"
						},
						{
							"key": "Content-Length",
							"value": "518"
						},
						{
							"key": "X-Content-Type-Options",
							"value": "nosniff"
						},
						{
							"key": "Referrer-Policy",
							"value": "same-origin"
						},
						{
							"key": "Cross-Origin-Opener-Policy",
							"value": "same-origin"
						}
					],
					"cookie": [],
					"body": "{\n    \"status\": true,\n    \"message\": \"success\",\n    \"data\": [\n        {\n            \"id\": 3,\n            \"title\": \"Xiaomi Redmi Note 12\",\n            \"price\": \"300\",\n            \"discount_price\": \"255\",\n            \"image\": \"https://placehold.co/600x400\",\n            \"remark\": \"top\",\n            \"star\": 4.5\n        },\n        {\n            \"id\": 7,\n            \"title\": \"Lenovo Legion 5\",\n            \"price\": \"1600\",\n            \"discount_price\": \"1408\",\n            \"image\": \"https://placehold.co/600x400\",\n            \"remark\": \"top\",\n            \"star\": 4.7\n        },\n        {\n            \"id\": 10,\n            \"title\": \"Sony Bravia 55\\\" 4K TV\",\n            \"price\": \"1300\",\n            \"discount_price\": \"1105\",\n            \"image\": \"https://placehold.co/600x400\",\n            \"remark\": \"top\",\n            \"star\": 4.8\n        }\n    ]\n}"
				}
			]
		},
		{
			"name": "products/brand/<int:brand_id>/",
			"request": {
				"method": "GET",
				"header": [],
				"url": {
					"raw": "{{BASEURL}}/products/brand/1",
					"host": [
						"{{BASEURL}}"
					],
					"path": [
						"products",
						"brand",
						"1"
					]
				}
			},
			"response": [
				{
					"name": "products/brand/<int:brand_id>/",
					"originalRequest": {
						"method": "GET",
						"header": [],
						"url": {
							"raw": "{{BASEURL}}/products/brand/1",
							"host": [
								"{{BASEURL}}"
							],
							"path": [
								"products",
								"brand",
								"1"
							]
						}
					},
					"status": "OK",
					"code": 200,
					"_postman_previewlanguage": null,
					"header": [
						{
							"key": "Date",
							"value": "Tue, 23 Dec 2025 16:56:03 GMT"
						},
						{
							"key": "Server",
							"value": "WSGIServer/0.2 CPython/3.12.12"
						},
						{
							"key": "Content-Type",
							"value": "application/json"
						},
						{
							"key": "X-Frame-Options",
							"value": "DENY"
						},
						{
							"key": "Content-Length",
							"value": "203"
						},
						{
							"key": "X-Content-Type-Options",
							"value": "nosniff"
						},
						{
							"key": "Referrer-Policy",
							"value": "same-origin"
						},
						{
							"key": "Cross-Origin-Opener-Policy",
							"value": "same-origin"
						}
					],
					"cookie": [],
					"body": "{\n    \"status\": true,\n    \"message\": \"success\",\n    \"data\": [\n        {\n            \"id\": 1,\n            \"title\": \"iPhone 14 Pro\",\n            \"price\": \"1200\",\n            \"discount_price\": \"1080\",\n            \"image\": \"https://placehold.co/600x400\",\n            \"remark\": \"popular\",\n            \"star\": 4.8\n        }\n    ]\n}"
				}
			]
		},
		{
			"name": "products/sliders/",
			"request": {
				"method": "GET",
				"header": [],
				"url": {
					"raw": "{{BASEURL}}/products/sliders/",
					"host": [
						"{{BASEURL}}"
					],
					"path": [
						"products",
						"sliders",
						""
					]
				}
			},
			"response": [
				{
					"name": "products/sliders/",
					"originalRequest": {
						"method": "GET",
						"header": [],
						"url": {
							"raw": "{{BASEURL}}/products/sliders/",
							"host": [
								"{{BASEURL}}"
							],
							"path": [
								"products",
								"sliders",
								""
							]
						}
					},
					"status": "OK",
					"code": 200,
					"_postman_previewlanguage": null,
					"header": [
						{
							"key": "Date",
							"value": "Tue, 23 Dec 2025 16:56:10 GMT"
						},
						{
							"key": "Server",
							"value": "WSGIServer/0.2 CPython/3.12.12"
						},
						{
							"key": "Content-Type",
							"value": "application/json"
						},
						{
							"key": "X-Frame-Options",
							"value": "DENY"
						},
						{
							"key": "Content-Length",
							"value": "1506"
						},
						{
							"key": "X-Content-Type-Options",
							"value": "nosniff"
						},
						{
							"key": "Referrer-Policy",
							"value": "same-origin"
						},
						{
							"key": "Cross-Origin-Opener-Policy",
							"value": "same-origin"
						}
					],
					"cookie": [],
					"body": "{\n    \"status\": true,\n    \"message\": \"success\",\n    \"data\": [\n        {\n            \"id\": 1,\n            \"title\": \"iPhone 14 Pro\",\n            \"short_des\": \"Experience the power of Apple innovation\",\n            \"price\": \"1080\",\n            \"image\": \"https://placehold.co/600x400\"\n        },\n        {\n            \"id\": 2,\n            \"title\": \"Galaxy S23\",\n            \"short_des\": \"Samsung flagship smartphone\",\n            \"price\": \"968\",\n            \"image\": \"https://placehold.co/600x400\"\n        },\n        {\n            \"id\": 3,\n            \"title\": \"Redmi Note 12\",\n            \"short_des\": \"Affordable smartphone with premium features\",\n            \"price\": \"255\",\n            \"image\": \"https://placehold.co/600x400\"\n        },\n        {\n            \"id\": 4,\n            \"title\": \"Sony WH-1000XM5\",\n            \"short_des\": \"Industry-leading noise cancellation\",\n            \"price\": \"360\",\n            \"image\": \"https://placehold.co/600x400\"\n        },\n        {\n            \"id\": 5,\n            \"title\": \"Dell XPS 13\",\n            \"short_des\": \"Compact, powerful and stylish laptop\",\n            \"price\": \"1260\",\n            \"image\": \"https://placehold.co/600x400\"\n        },\n        {\n            \"id\": 6,\n            \"title\": \"HP Pavilion 15\",\n            \"short_des\": \"Perfect laptop for daily productivity\",\n            \"price\": \"828\",\n            \"image\": \"https://placehold.co/600x400\"\n        },\n        {\n            \"id\": 7,\n            \"title\": \"Lenovo Legion 5\",\n            \"short_des\": \"Dominate gaming with extreme performance\",\n            \"price\": \"1408\",\n            \"image\": \"https://placehold.co/600x400\"\n        },\n        {\n            \"id\": 8,\n            \"title\": \"Asus ROG Mouse\",\n            \"short_des\": \"Precision gaming gear\",\n            \"price\": \"90\",\n            \"image\": \"https://placehold.co/600x400\"\n        },\n        {\n            \"id\": 9,\n            \"title\": \"Nike Air Zoom Pegasus\",\n            \"short_des\": \"Run faster, go further\",\n            \"price\": \"148\",\n            \"image\": \"https://placehold.co/600x400\"\n        },\n        {\n            \"id\": 10,\n            \"title\": \"Sony Bravia 4K TV\",\n            \"short_des\": \"Cinema-quality visuals at home\",\n            \"price\": \"1105\",\n            \"image\": \"https://placehold.co/600x400\"\n        }\n    ]\n}"
				}
			]
		},
		{
			"name": "products/search/",
			"request": {
				"method": "GET",
				"header": [],
				"url": {
					"raw": "{{BASEURL}}/products/search/?keyword=14",
					"host": [
						"{{BASEURL}}"
					],
					"path": [
						"products",
						"search",
						""
					],
					"query": [
						{
							"key": "keyword",
							"value": "14"
						}
					]
				}
			},
			"response": [
				{
					"name": "products/search/",
					"originalRequest": {
						"method": "GET",
						"header": [],
						"url": {
							"raw": "{{BASEURL}}/products/search/?keyword=14",
							"host": [
								"{{BASEURL}}"
							],
							"path": [
								"products",
								"search",
								""
							],
							"query": [
								{
									"key": "keyword",
									"value": "14"
								}
							]
						}
					},
					"status": "OK",
					"code": 200,
					"_postman_previewlanguage": null,
					"header": [
						{
							"key": "Date",
							"value": "Tue, 23 Dec 2025 16:56:16 GMT"
						},
						{
							"key": "Server",
							"value": "WSGIServer/0.2 CPython/3.12.12"
						},
						{
							"key": "Content-Type",
							"value": "application/json"
						},
						{
							"key": "X-Frame-Options",
							"value": "DENY"
						},
						{
							"key": "Content-Length",
							"value": "190"
						},
						{
							"key": "X-Content-Type-Options",
							"value": "nosniff"
						},
						{
							"key": "Referrer-Policy",
							"value": "same-origin"
						},
						{
							"key": "Cross-Origin-Opener-Policy",
							"value": "same-origin"
						}
					],
					"cookie": [],
					"body": "{\n    \"status\": true,\n    \"message\": \"success\",\n    \"data\": [\n        {\n            \"id\": 1,\n            \"title\": \"iPhone 14 Pro\",\n            \"price\": \"1200\",\n            \"discount_price\": \"1080\",\n            \"image\": \"https://placehold.co/600x400\",\n            \"remark\": \"popular\"\n        }\n    ]\n}"
				}
			]
		},
		{
			"name": "products/<int:product_id>/",
			"request": {
				"method": "GET",
				"header": [],
				"url": {
					"raw": "{{BASEURL}}/products/1",
					"host": [
						"{{BASEURL}}"
					],
					"path": [
						"products",
						"1"
					]
				}
			},
			"response": [
				{
					"name": "products/<int:product_id>/",
					"originalRequest": {
						"method": "GET",
						"header": [],
						"url": {
							"raw": "{{BASEURL}}/products/1",
							"host": [
								"{{BASEURL}}"
							],
							"path": [
								"products",
								"1"
							]
						}
					},
					"status": "OK",
					"code": 200,
					"_postman_previewlanguage": null,
					"header": [
						{
							"key": "Date",
							"value": "Tue, 23 Dec 2025 16:56:23 GMT"
						},
						{
							"key": "Server",
							"value": "WSGIServer/0.2 CPython/3.12.12"
						},
						{
							"key": "Content-Type",
							"value": "application/json"
						},
						{
							"key": "X-Frame-Options",
							"value": "DENY"
						},
						{
							"key": "Content-Length",
							"value": "577"
						},
						{
							"key": "X-Content-Type-Options",
							"value": "nosniff"
						},
						{
							"key": "Referrer-Policy",
							"value": "same-origin"
						},
						{
							"key": "Cross-Origin-Opener-Policy",
							"value": "same-origin"
						}
					],
					"cookie": [],
					"body": "{\n    \"status\": true,\n    \"message\": \"success\",\n    \"data\": {\n        \"product\": {\n            \"id\": 1,\n            \"title\": \"iPhone 14 Pro\",\n            \"price\": \"1200\",\n            \"discount\": 10,\n            \"discount_price\": \"1080\",\n            \"image\": \"https://placehold.co/600x400\",\n            \"remark\": \"popular\",\n            \"star\": 4.8\n        },\n        \"details\": {\n            \"img1\": \"https://placehold.co/600x400\",\n            \"img2\": \"https://placehold.co/600x400\",\n            \"img3\": \"https://placehold.co/600x400\",\n            \"img4\": \"https://placehold.co/600x400\",\n            \"des\": \"iPhone 14 Pro features a powerful A16 Bionic chip, advanced camera system, and premium design.\",\n            \"color\": \"Space Black, Silver, Gold\",\n            \"size\": \"128GB, 256GB, 512GB\"\n        }\n    }\n}"
				}
			]
		},
		{
			"name": "login",
			"request": {
				"method": "POST",
				"header": [],
				"body": {
					"mode": "raw",
					"raw": "{\n    \"email\":\"engr.rabbil@gmail.com\"\n}",
					"options": {
						"raw": {
							"language": "json"
						}
					}
				},
				"url": {
					"raw": "{{BASEURL}}/login/",
					"host": [
						"{{BASEURL}}"
					],
					"path": [
						"login",
						""
					]
				}
			},
			"response": [
				{
					"name": "login",
					"originalRequest": {
						"method": "POST",
						"header": [],
						"body": {
							"mode": "raw",
							"raw": "{\n    \"email\":\"engr.rabbil@gmail.com\"\n}",
							"options": {
								"raw": {
									"language": "json"
								}
							}
						},
						"url": {
							"raw": "{{BASEURL}}/login/",
							"host": [
								"{{BASEURL}}"
							],
							"path": [
								"login",
								""
							]
						}
					},
					"status": "OK",
					"code": 200,
					"_postman_previewlanguage": null,
					"header": [
						{
							"key": "Date",
							"value": "Tue, 23 Dec 2025 16:56:28 GMT"
						},
						{
							"key": "Server",
							"value": "WSGIServer/0.2 CPython/3.12.12"
						},
						{
							"key": "Content-Type",
							"value": "application/json"
						},
						{
							"key": "X-Frame-Options",
							"value": "DENY"
						},
						{
							"key": "Content-Length",
							"value": "57"
						},
						{
							"key": "X-Content-Type-Options",
							"value": "nosniff"
						},
						{
							"key": "Referrer-Policy",
							"value": "same-origin"
						},
						{
							"key": "Cross-Origin-Opener-Policy",
							"value": "same-origin"
						}
					],
					"cookie": [],
					"body": "{\n    \"status\": true,\n    \"message\": \"4802 OTP sent successfully\"\n}"
				}
			]
		},
		{
			"name": "verify-otp",
			"request": {
				"method": "POST",
				"header": [],
				"body": {
					"mode": "raw",
					"raw": "{\n    \"email\":\"engr.rabbil@gmail.com\",\n    \"otp\":\"2156\"\n}",
					"options": {
						"raw": {
							"language": "json"
						}
					}
				},
				"url": {
					"raw": "{{BASEURL}}/verify-otp/",
					"host": [
						"{{BASEURL}}"
					],
					"path": [
						"verify-otp",
						""
					]
				}
			},
			"response": [
				{
					"name": "verify-otp",
					"originalRequest": {
						"method": "POST",
						"header": [],
						"body": {
							"mode": "raw",
							"raw": "{\n    \"email\":\"engr.rabbil@gmail.com\",\n    \"otp\":\"2156\"\n}",
							"options": {
								"raw": {
									"language": "json"
								}
							}
						},
						"url": {
							"raw": "{{BASEURL}}/verify-otp/",
							"host": [
								"{{BASEURL}}"
							],
							"path": [
								"verify-otp",
								""
							]
						}
					},
					"status": "OK",
					"code": 200,
					"_postman_previewlanguage": null,
					"header": [
						{
							"key": "Date",
							"value": "Tue, 23 Dec 2025 16:56:34 GMT"
						},
						{
							"key": "Server",
							"value": "WSGIServer/0.2 CPython/3.12.12"
						},
						{
							"key": "Content-Type",
							"value": "application/json"
						},
						{
							"key": "X-Frame-Options",
							"value": "DENY"
						},
						{
							"key": "Content-Length",
							"value": "52"
						},
						{
							"key": "X-Content-Type-Options",
							"value": "nosniff"
						},
						{
							"key": "Referrer-Policy",
							"value": "same-origin"
						},
						{
							"key": "Cross-Origin-Opener-Policy",
							"value": "same-origin"
						}
					],
					"cookie": [],
					"body": "{\n    \"status\": false,\n    \"message\": \"Invalid email or OTP\"\n}"
				}
			]
		},
		{
			"name": "/cart/add/",
			"request": {
				"method": "POST",
				"header": [
					{
						"key": "Authorization",
						"value": "{{TOKEN}}",
						"type": "text"
					}
				],
				"body": {
					"mode": "raw",
					"raw": "{\n    \"product_id\":1,\n    \"color\":\"Red\",\n    \"size\":\"X\",\n    \"qty\":1\n}",
					"options": {
						"raw": {
							"language": "json"
						}
					}
				},
				"url": {
					"raw": "{{BASEURL}}/cart/add/",
					"host": [
						"{{BASEURL}}"
					],
					"path": [
						"cart",
						"add",
						""
					]
				}
			},
			"response": [
				{
					"name": "/cart/add/",
					"originalRequest": {
						"method": "POST",
						"header": [
							{
								"key": "Authorization",
								"value": "{{TOKEN}}",
								"type": "text"
							}
						],
						"body": {
							"mode": "raw",
							"raw": "{\n    \"product_id\":1,\n    \"color\":\"Red\",\n    \"size\":\"X\",\n    \"qty\":1\n}",
							"options": {
								"raw": {
									"language": "json"
								}
							}
						},
						"url": {
							"raw": "{{BASEURL}}/cart/add/",
							"host": [
								"{{BASEURL}}"
							],
							"path": [
								"cart",
								"add",
								""
							]
						}
					},
					"status": "OK",
					"code": 200,
					"_postman_previewlanguage": null,
					"header": [
						{
							"key": "Date",
							"value": "Tue, 23 Dec 2025 16:56:41 GMT"
						},
						{
							"key": "Server",
							"value": "WSGIServer/0.2 CPython/3.12.12"
						},
						{
							"key": "Content-Type",
							"value": "application/json"
						},
						{
							"key": "X-Frame-Options",
							"value": "DENY"
						},
						{
							"key": "Content-Length",
							"value": "52"
						},
						{
							"key": "X-Content-Type-Options",
							"value": "nosniff"
						},
						{
							"key": "Referrer-Policy",
							"value": "same-origin"
						},
						{
							"key": "Cross-Origin-Opener-Policy",
							"value": "same-origin"
						}
					],
					"cookie": [],
					"body": "{\n    \"status\": true,\n    \"message\": \"Product added to cart\"\n}"
				}
			]
		},
		{
			"name": "cart/remove/<int:cart_id>/",
			"request": {
				"method": "GET",
				"header": [
					{
						"key": "Authorization",
						"value": "{{TOKEN}}",
						"type": "text"
					}
				],
				"url": {
					"raw": "{{BASEURL}}/cart/remove/1",
					"host": [
						"{{BASEURL}}"
					],
					"path": [
						"cart",
						"remove",
						"1"
					]
				}
			},
			"response": [
				{
					"name": "cart/remove/<int:cart_id>/",
					"originalRequest": {
						"method": "GET",
						"header": [
							{
								"key": "Authorization",
								"value": "{{TOKEN}}",
								"type": "text"
							}
						],
						"url": {
							"raw": "{{BASEURL}}/cart/remove/1",
							"host": [
								"{{BASEURL}}"
							],
							"path": [
								"cart",
								"remove",
								"1"
							]
						}
					},
					"status": "OK",
					"code": 200,
					"_postman_previewlanguage": null,
					"header": [
						{
							"key": "Date",
							"value": "Tue, 23 Dec 2025 16:56:47 GMT"
						},
						{
							"key": "Server",
							"value": "WSGIServer/0.2 CPython/3.12.12"
						},
						{
							"key": "Content-Type",
							"value": "application/json"
						},
						{
							"key": "X-Frame-Options",
							"value": "DENY"
						},
						{
							"key": "Content-Length",
							"value": "51"
						},
						{
							"key": "X-Content-Type-Options",
							"value": "nosniff"
						},
						{
							"key": "Referrer-Policy",
							"value": "same-origin"
						},
						{
							"key": "Cross-Origin-Opener-Policy",
							"value": "same-origin"
						}
					],
					"cookie": [],
					"body": "{\n    \"status\": false,\n    \"message\": \"Cart item not found\"\n}"
				}
			]
		},
		{
			"name": "cart/list/",
			"request": {
				"method": "GET",
				"header": [
					{
						"key": "Authorization",
						"value": "{{TOKEN}}",
						"type": "text"
					}
				],
				"url": {
					"raw": "{{BASEURL}}/cart/list/",
					"host": [
						"{{BASEURL}}"
					],
					"path": [
						"cart",
						"list",
						""
					]
				}
			},
			"response": [
				{
					"name": "cart/list/",
					"originalRequest": {
						"method": "GET",
						"header": [
							{
								"key": "Authorization",
								"value": "{{TOKEN}}",
								"type": "text"
							}
						],
						"url": {
							"raw": "{{BASEURL}}/cart/list/",
							"host": [
								"{{BASEURL}}"
							],
							"path": [
								"cart",
								"list",
								""
							]
						}
					},
					"status": "OK",
					"code": 200,
					"_postman_previewlanguage": null,
					"header": [
						{
							"key": "Date",
							"value": "Tue, 23 Dec 2025 16:56:53 GMT"
						},
						{
							"key": "Server",
							"value": "WSGIServer/0.2 CPython/3.12.12"
						},
						{
							"key": "Content-Type",
							"value": "application/json"
						},
						{
							"key": "X-Frame-Options",
							"value": "DENY"
						},
						{
							"key": "Content-Length",
							"value": "236"
						},
						{
							"key": "X-Content-Type-Options",
							"value": "nosniff"
						},
						{
							"key": "Referrer-Policy",
							"value": "same-origin"
						},
						{
							"key": "Cross-Origin-Opener-Policy",
							"value": "same-origin"
						}
					],
					"cookie": [],
					"body": "{\n    \"status\": true,\n    \"message\": \"success\",\n    \"data\": [\n        {\n            \"id\": 4,\n            \"product_id\": 1,\n            \"product_title\": \"iPhone 14 Pro\",\n            \"product_image\": \"https://placehold.co/600x400\",\n            \"color\": \"Red\",\n            \"size\": \"X\",\n            \"qty\": \"1\",\n            \"price\": \"1080\",\n            \"total\": \"1080.0\"\n        }\n    ]\n}"
				}
			]
		},
		{
			"name": "wish/add/",
			"protocolProfileBehavior": {
				"disableBodyPruning": true
			},
			"request": {
				"method": "GET",
				"header": [
					{
						"key": "Authorization",
						"value": "{{TOKEN}}",
						"type": "text"
					}
				],
				"body": {
					"mode": "raw",
					"raw": "{\n    \"product_id\":2\n}",
					"options": {
						"raw": {
							"language": "json"
						}
					}
				},
				"url": {
					"raw": "{{BASEURL}}/wish/add/",
					"host": [
						"{{BASEURL}}"
					],
					"path": [
						"wish",
						"add",
						""
					]
				}
			},
			"response": [
				{
					"name": "wish/add/",
					"originalRequest": {
						"method": "GET",
						"header": [
							{
								"key": "Authorization",
								"value": "{{TOKEN}}",
								"type": "text"
							}
						],
						"body": {
							"mode": "raw",
							"raw": "{\n    \"product_id\":3\n}",
							"options": {
								"raw": {
									"language": "json"
								}
							}
						},
						"url": {
							"raw": "{{BASEURL}}/wish/add/",
							"host": [
								"{{BASEURL}}"
							],
							"path": [
								"wish",
								"add",
								""
							]
						}
					},
					"status": "OK",
					"code": 200,
					"_postman_previewlanguage": "",
					"header": [
						{
							"key": "Date",
							"value": "Tue, 23 Dec 2025 16:57:00 GMT"
						},
						{
							"key": "Server",
							"value": "WSGIServer/0.2 CPython/3.12.12"
						},
						{
							"key": "Content-Type",
							"value": "application/json"
						},
						{
							"key": "X-Frame-Options",
							"value": "DENY"
						},
						{
							"key": "Content-Length",
							"value": "59"
						},
						{
							"key": "X-Content-Type-Options",
							"value": "nosniff"
						},
						{
							"key": "Referrer-Policy",
							"value": "same-origin"
						},
						{
							"key": "Cross-Origin-Opener-Policy",
							"value": "same-origin"
						}
					],
					"cookie": [
						{
							"expires": "Invalid Date",
							"domain": "",
							"path": ""
						}
					],
					"body": "{\n    \"status\": false,\n    \"message\": \"Product already in wishlist\"\n}"
				}
			]
		},
		{
			"name": "wish/remove/<int:wish_id>/",
			"protocolProfileBehavior": {
				"disableBodyPruning": true
			},
			"request": {
				"method": "GET",
				"header": [
					{
						"key": "Authorization",
						"value": "{{TOKEN}}",
						"type": "text"
					}
				],
				"body": {
					"mode": "raw",
					"raw": "{\n    \"product_id\":2\n}",
					"options": {
						"raw": {
							"language": "json"
						}
					}
				},
				"url": {
					"raw": "{{BASEURL}}/wish/remove/1",
					"host": [
						"{{BASEURL}}"
					],
					"path": [
						"wish",
						"remove",
						"1"
					]
				}
			},
			"response": [
				{
					"name": "wish/remove/<int:wish_id>/",
					"originalRequest": {
						"method": "GET",
						"header": [
							{
								"key": "Authorization",
								"value": "{{TOKEN}}",
								"type": "text"
							}
						],
						"body": {
							"mode": "raw",
							"raw": "{\n    \"product_id\":2\n}",
							"options": {
								"raw": {
									"language": "json"
								}
							}
						},
						"url": {
							"raw": "{{BASEURL}}/wish/remove/1",
							"host": [
								"{{BASEURL}}"
							],
							"path": [
								"wish",
								"remove",
								"1"
							]
						}
					},
					"status": "OK",
					"code": 200,
					"_postman_previewlanguage": null,
					"header": [
						{
							"key": "Date",
							"value": "Tue, 23 Dec 2025 16:57:28 GMT"
						},
						{
							"key": "Server",
							"value": "WSGIServer/0.2 CPython/3.12.12"
						},
						{
							"key": "Content-Type",
							"value": "application/json"
						},
						{
							"key": "X-Frame-Options",
							"value": "DENY"
						},
						{
							"key": "Content-Length",
							"value": "55"
						},
						{
							"key": "X-Content-Type-Options",
							"value": "nosniff"
						},
						{
							"key": "Referrer-Policy",
							"value": "same-origin"
						},
						{
							"key": "Cross-Origin-Opener-Policy",
							"value": "same-origin"
						}
					],
					"cookie": [],
					"body": "{\n    \"status\": false,\n    \"message\": \"Wishlist item not found\"\n}"
				}
			]
		},
		{
			"name": "wish/list/",
			"request": {
				"method": "GET",
				"header": [
					{
						"key": "Authorization",
						"value": "{{TOKEN}}",
						"type": "text"
					}
				],
				"url": {
					"raw": "{{BASEURL}}/wish/list/",
					"host": [
						"{{BASEURL}}"
					],
					"path": [
						"wish",
						"list",
						""
					]
				}
			},
			"response": [
				{
					"name": "wish/list/",
					"originalRequest": {
						"method": "GET",
						"header": [
							{
								"key": "Authorization",
								"value": "{{TOKEN}}",
								"type": "text"
							}
						],
						"url": {
							"raw": "{{BASEURL}}/wish/list/",
							"host": [
								"{{BASEURL}}"
							],
							"path": [
								"wish",
								"list",
								""
							]
						}
					},
					"status": "OK",
					"code": 200,
					"_postman_previewlanguage": null,
					"header": [
						{
							"key": "Date",
							"value": "Tue, 23 Dec 2025 16:57:35 GMT"
						},
						{
							"key": "Server",
							"value": "WSGIServer/0.2 CPython/3.12.12"
						},
						{
							"key": "Content-Type",
							"value": "application/json"
						},
						{
							"key": "X-Frame-Options",
							"value": "DENY"
						},
						{
							"key": "Content-Length",
							"value": "439"
						},
						{
							"key": "X-Content-Type-Options",
							"value": "nosniff"
						},
						{
							"key": "Referrer-Policy",
							"value": "same-origin"
						},
						{
							"key": "Cross-Origin-Opener-Policy",
							"value": "same-origin"
						}
					],
					"cookie": [],
					"body": "{\n    \"status\": true,\n    \"message\": \"success\",\n    \"data\": [\n        {\n            \"id\": 2,\n            \"product_id\": 2,\n            \"product_title\": \"Samsung Galaxy S23\",\n            \"product_image\": \"https://placehold.co/600x400\",\n            \"product_price\": \"1100\",\n            \"product_discount_price\": \"968\",\n            \"product_star\": 4.7\n        },\n        {\n            \"id\": 3,\n            \"product_id\": 3,\n            \"product_title\": \"Xiaomi Redmi Note 12\",\n            \"product_image\": \"https://placehold.co/600x400\",\n            \"product_price\": \"300\",\n            \"product_discount_price\": \"255\",\n            \"product_star\": 4.5\n        }\n    ]\n}"
				}
			]
		},
		{
			"name": "invoice/create/",
			"protocolProfileBehavior": {
				"disableBodyPruning": true
			},
			"request": {
				"method": "GET",
				"header": [
					{
						"key": "Authorization",
						"value": "{{TOKEN}}",
						"type": "text"
					}
				],
				"body": {
					"mode": "raw",
					"raw": "{\n    \"cus_details\":\"demo\",\n    \"ship_details\":\"demo\"\n}",
					"options": {
						"raw": {
							"language": "json"
						}
					}
				},
				"url": {
					"raw": "{{BASEURL}}/invoice/create/",
					"host": [
						"{{BASEURL}}"
					],
					"path": [
						"invoice",
						"create",
						""
					]
				}
			},
			"response": [
				{
					"name": "invoice/create/",
					"originalRequest": {
						"method": "GET",
						"header": [
							{
								"key": "Authorization",
								"value": "{{TOKEN}}",
								"type": "text"
							}
						],
						"body": {
							"mode": "raw",
							"raw": "{\n    \"cus_details\":\"demo\",\n    \"ship_details\":\"demo\"\n}",
							"options": {
								"raw": {
									"language": "json"
								}
							}
						},
						"url": {
							"raw": "{{BASEURL}}/invoice/create/",
							"host": [
								"{{BASEURL}}"
							],
							"path": [
								"invoice",
								"create",
								""
							]
						}
					},
					"status": "OK",
					"code": 200,
					"_postman_previewlanguage": null,
					"header": [
						{
							"key": "Date",
							"value": "Tue, 23 Dec 2025 16:57:44 GMT"
						},
						{
							"key": "Server",
							"value": "WSGIServer/0.2 CPython/3.12.12"
						},
						{
							"key": "Content-Type",
							"value": "application/json"
						},
						{
							"key": "X-Frame-Options",
							"value": "DENY"
						},
						{
							"key": "Content-Length",
							"value": "174"
						},
						{
							"key": "X-Content-Type-Options",
							"value": "nosniff"
						},
						{
							"key": "Referrer-Policy",
							"value": "same-origin"
						},
						{
							"key": "Cross-Origin-Opener-Policy",
							"value": "same-origin"
						}
					],
					"cookie": [],
					"body": "{\n    \"status\": true,\n    \"message\": \"Invoice created successfully\",\n    \"data\": {\n        \"invoice_id\": 3,\n        \"tran_id\": \"TXN220251223165744\",\n        \"total\": \"1080.0\",\n        \"vat\": \"54.0\",\n        \"payable\": \"1134.0\"\n    }\n}"
				}
			]
		},
		{
			"name": "invoice/list/",
			"protocolProfileBehavior": {
				"disableBodyPruning": true
			},
			"request": {
				"method": "GET",
				"header": [
					{
						"key": "Authorization",
						"value": "{{TOKEN}}",
						"type": "text"
					}
				],
				"body": {
					"mode": "raw",
					"raw": "{\n    \"cus_details\":\"demo\",\n    \"ship_details\":\"demo\"\n}",
					"options": {
						"raw": {
							"language": "json"
						}
					}
				},
				"url": {
					"raw": "{{BASEURL}}/invoice/list/",
					"host": [
						"{{BASEURL}}"
					],
					"path": [
						"invoice",
						"list",
						""
					]
				}
			},
			"response": [
				{
					"name": "invoice/list/",
					"originalRequest": {
						"method": "GET",
						"header": [
							{
								"key": "Authorization",
								"value": "{{TOKEN}}",
								"type": "text"
							}
						],
						"body": {
							"mode": "raw",
							"raw": "{\n    \"cus_details\":\"demo\",\n    \"ship_details\":\"demo\"\n}",
							"options": {
								"raw": {
									"language": "json"
								}
							}
						},
						"url": {
							"raw": "{{BASEURL}}/invoice/list/",
							"host": [
								"{{BASEURL}}"
							],
							"path": [
								"invoice",
								"list",
								""
							]
						}
					},
					"status": "OK",
					"code": 200,
					"_postman_previewlanguage": null,
					"header": [
						{
							"key": "Date",
							"value": "Tue, 23 Dec 2025 16:57:53 GMT"
						},
						{
							"key": "Server",
							"value": "WSGIServer/0.2 CPython/3.12.12"
						},
						{
							"key": "Content-Type",
							"value": "application/json"
						},
						{
							"key": "X-Frame-Options",
							"value": "DENY"
						},
						{
							"key": "Content-Length",
							"value": "1250"
						},
						{
							"key": "X-Content-Type-Options",
							"value": "nosniff"
						},
						{
							"key": "Referrer-Policy",
							"value": "same-origin"
						},
						{
							"key": "Cross-Origin-Opener-Policy",
							"value": "same-origin"
						}
					],
					"cookie": [],
					"body": "{\n    \"status\": true,\n    \"message\": \"success\",\n    \"data\": [\n        {\n            \"invoice_id\": 3,\n            \"tran_id\": \"TXN220251223165744\",\n            \"total\": \"1080.0\",\n            \"vat\": \"54.0\",\n            \"payable\": \"1134.0\",\n            \"cus_details\": \"demo\",\n            \"ship_details\": \"demo\",\n            \"delivery_status\": \"pending\",\n            \"payment_status\": \"pending\",\n            \"created_at\": \"2025-12-23 16:57:44\",\n            \"products\": [\n                {\n                    \"product_id\": 1,\n                    \"product_title\": \"iPhone 14 Pro\",\n                    \"product_image\": \"https://placehold.co/600x400\",\n                    \"qty\": \"1\",\n                    \"sale_price\": \"1080\"\n                }\n            ]\n        },\n        {\n            \"invoice_id\": 2,\n            \"tran_id\": \"TXN220251223165329\",\n            \"total\": \"2160.0\",\n            \"vat\": \"108.0\",\n            \"payable\": \"2268.0\",\n            \"cus_details\": \"demo\",\n            \"ship_details\": \"demo\",\n            \"delivery_status\": \"pending\",\n            \"payment_status\": \"pending\",\n            \"created_at\": \"2025-12-23 16:53:29\",\n            \"products\": [\n                {\n                    \"product_id\": 1,\n                    \"product_title\": \"iPhone 14 Pro\",\n                    \"product_image\": \"https://placehold.co/600x400\",\n                    \"qty\": \"2\",\n                    \"sale_price\": \"1080\"\n                }\n            ]\n        },\n        {\n            \"invoice_id\": 1,\n            \"tran_id\": \"TXN220251223165248\",\n            \"total\": \"3240.0\",\n            \"vat\": \"162.0\",\n            \"payable\": \"3402.0\",\n            \"cus_details\": \"demo\",\n            \"ship_details\": \"demo\",\n            \"delivery_status\": \"pending\",\n            \"payment_status\": \"pending\",\n            \"created_at\": \"2025-12-23 16:52:48\",\n            \"products\": [\n                {\n                    \"product_id\": 1,\n                    \"product_title\": \"iPhone 14 Pro\",\n                    \"product_image\": \"https://placehold.co/600x400\",\n                    \"qty\": \"3\",\n                    \"sale_price\": \"1080\"\n                }\n            ]\n        }\n    ]\n}"
				}
			]
		},
		{
			"name": "New Request",
			"request": {
				"method": "GET",
				"header": []
			},
			"response": []
		}
	],
	"event": [
		{
			"listen": "prerequest",
			"script": {
				"type": "text/javascript",
				"packages": {},
				"requests": {},
				"exec": [
					""
				]
			}
		},
		{
			"listen": "test",
			"script": {
				"type": "text/javascript",
				"packages": {},
				"requests": {},
				"exec": [
					""
				]
			}
		}
	],
	"variable": [
		{
			"key": "BASEURL",
			"value": ""
		},
		{
			"key": "TOKEN",
			"value": ""
		}
	]
}