{
    "status": "SUCCESS",
    "failedreason": "",
    "sessionkey": "5CBD3B26D6D60D3B2BE058CECC3CF28A",
    "gw": {
        "visa": "city_visa,ebl_visa,visacard",
        "master": "city_master,ebl_master,mastercard",
        "amex": "city_amex,amexcard",
        "othercards": "qcash,fastcash",
        "internetbanking": "city,abbank,bankasia,ibbl,mtbl,tapnpay,eblsky,instapay,pmoney,woori,modhumoti,fsibl",
        "mobilebanking": "dbblmobilebanking,bkash,nagad,abbank,ibbl,tap,upay,okaywallet,cellfine,mcash"
    },
    "redirectGatewayURL": "https://sandbox.sslcommerz.com/gwprocess/v4/bankgw/indexhtml.php?mamount=100.00&ssl_id=2601062039211HLKZ0VPvziTnri&Q=REDIRECT&SESSIONKEY=5CBD3B26D6D60D3B2BE058CECC3CF28A&tran_type=success&cardname=",
    "directPaymentURLBank": "",
    "directPaymentURLCard": "",
    "directPaymentURL": "",
    "redirectGatewayURLFailed": "",
    "GatewayPageURL": "https://sandbox.sslcommerz.com/EasyCheckOut/testcde5cbd3b26d6d60d3b2be058cecc3cf28a",
    "storeBanner": "https://sandbox.sslcommerz.com/stores/logos/demoLogo.png",
    "storeLogo": "https://sandbox.sslcommerz.com/stores/logos/demoLogo.png",
    "store_name": "Demo",
    "desc": [
        {
            "name": "AMEX",
            "type": "amex",
            "logo": "https://sandbox.sslcommerz.com/gwprocess/v4/image/gw/amex.png",
            "gw": "amexcard",
            "r_flag": "1",
            "redirectGatewayURL": "https://sandbox.sslcommerz.com/gwprocess/v4/bankgw/indexhtmlOTP.php?mamount=100.00&ssl_id=2601062039211HLKZ0VPvziTnri&Q=REDIRECT&SESSIONKEY=5CBD3B26D6D60D3B2BE058CECC3CF28A&tran_type=success&cardname=amexcard"
        },
        {
            "name": "VISA",
            "type": "visa",
            "logo": "https://sandbox.sslcommerz.com/gwprocess/v4/image/gw/visa.png",
            "gw": "visacard",
            "r_flag": "1",
            "redirectGatewayURL": "https://sandbox.sslcommerz.com/gwprocess/v4/bankgw/indexhtmlOTP.php?mamount=100.00&ssl_id=2601062039211HLKZ0VPvziTnri&Q=REDIRECT&SESSIONKEY=5CBD3B26D6D60D3B2BE058CECC3CF28A&tran_type=success&cardname=visavard"
        },
        {
            "name": "MASTER",
            "type": "master",
            "logo": "https://sandbox.sslcommerz.com/gwprocess/v4/image/gw/master.png",
            "gw": "mastercard",
            "r_flag": "1",
            "redirectGatewayURL": "https://sandbox.sslcommerz.com/gwprocess/v4/bankgw/indexhtmlOTP.php?mamount=100.00&ssl_id=2601062039211HLKZ0VPvziTnri&Q=REDIRECT&SESSIONKEY=5CBD3B26D6D60D3B2BE058CECC3CF28A&tran_type=success&cardname=mastercard"
        },
        {
            "name": "AMEX-City Bank",
            "type": "amex",
            "logo": "https://sandbox.sslcommerz.com/gwprocess/v4/image/gw/amex.png",
            "gw": "city_amex",
            "r_flag": "1",
            "redirectGatewayURL": "https://sandbox.sslcommerz.com/gwprocess/v4/bankgw/indexhtmlOTP.php?mamount=100.00&ssl_id=2601062039211HLKZ0VPvziTnri&Q=REDIRECT&SESSIONKEY=5CBD3B26D6D60D3B2BE058CECC3CF28A&tran_type=success&cardname=city_amex"
        },
        {
            "name": "QCash",
            "type": "othercards",
            "logo": "https://sandbox.sslcommerz.com/gwprocess/v4/image/gw/qcash.png",
            "gw": "qcash",
            "r_flag": "1",
            "redirectGatewayURL": "https://sandbox.sslcommerz.com/gwprocess/v4/bankgw/indexhtmlOTP.php?mamount=100.00&ssl_id=2601062039211HLKZ0VPvziTnri&Q=REDIRECT&SESSIONKEY=5CBD3B26D6D60D3B2BE058CECC3CF28A&tran_type=success&cardname=qcash"
        },
        {
            "name": "Fast Cash",
            "type": "othercards",
            "logo": "https://sandbox.sslcommerz.com/gwprocess/v4/image/gw/fastcash.png",
            "gw": "fastcash"
        },
        {
            "name": "bKash",
            "type": "mobilebanking",
            "logo": "https://sandbox.sslcommerz.com/gwprocess/v4/image/gw/bkash.png",
            "gw": "bkash",
            "r_flag": "1",
            "redirectGatewayURL": "https://sandbox.sslcommerz.com/gwprocess/v4/bankgw/indexhtmlOTP.php?mamount=100.00&ssl_id=2601062039211HLKZ0VPvziTnri&Q=REDIRECT&SESSIONKEY=5CBD3B26D6D60D3B2BE058CECC3CF28A&tran_type=success&cardname=bkash"
        },
        {
            "name": "Nagad",
            "type": "mobilebanking",
            "logo": "https://sandbox.sslcommerz.com/gwprocess/v4/image/gw/nagad.png",
            "gw": "nagad",
            "r_flag": "1",
            "redirectGatewayURL": "https://sandbox.sslcommerz.com/gwprocess/v4/bankgw/indexhtmlOTP.php?mamount=100.00&ssl_id=2601062039211HLKZ0VPvziTnri&Q=REDIRECT&SESSIONKEY=5CBD3B26D6D60D3B2BE058CECC3CF28A&tran_type=success&cardname=nagad"
        },
        {
            "name": "DBBL Mobile Banking",
            "type": "mobilebanking",
            "logo": "https://sandbox.sslcommerz.com/gwprocess/v4/image/gw/dbblmobilebank.png",
            "gw": "dbblmobilebanking",
            "r_flag": "1",
            "redirectGatewayURL": "https://sandbox.sslcommerz.com/gwprocess/v4/bankgw/indexhtmlOTP.php?mamount=100.00&ssl_id=2601062039211HLKZ0VPvziTnri&Q=REDIRECT&SESSIONKEY=5CBD3B26D6D60D3B2BE058CECC3CF28A&tran_type=success&cardname=dbblmobilebanking"
        },
        {
            "name": "AB Direct",
            "type": "mobilebanking",
            "logo": "https://sandbox.sslcommerz.com/gwprocess/v4/image/gw/abbank.png",
            "gw": "abbank",
            "r_flag": "1",
            "redirectGatewayURL": "https://sandbox.sslcommerz.com/gwprocess/v4/bankgw/indexhtmlOTP.php?mamount=100.00&ssl_id=2601062039211HLKZ0VPvziTnri&Q=REDIRECT&SESSIONKEY=5CBD3B26D6D60D3B2BE058CECC3CF28A&tran_type=success&cardname=abbank"
        },
        {
            "name": "AB Direct",
            "type": "internetbanking",
            "logo": "https://sandbox.sslcommerz.com/gwprocess/v4/image/gw/abbank.png",
            "gw": "abbank",
            "r_flag": "1",
            "redirectGatewayURL": "https://sandbox.sslcommerz.com/gwprocess/v4/bankgw/indexhtmlOTP.php?mamount=100.00&ssl_id=2601062039211HLKZ0VPvziTnri&Q=REDIRECT&SESSIONKEY=5CBD3B26D6D60D3B2BE058CECC3CF28A&tran_type=success&cardname=abbank"
        },
        {
            "name": "IBBL",
            "type": "internetbanking",
            "logo": "https://sandbox.sslcommerz.com/gwprocess/v4/image/gw/ibbl.png",
            "gw": "ibbl",
            "r_flag": "1",
            "redirectGatewayURL": "https://sandbox.sslcommerz.com/gwprocess/v4/bankgw/indexhtmlOTP.php?mamount=100.00&ssl_id=2601062039211HLKZ0VPvziTnri&Q=REDIRECT&SESSIONKEY=5CBD3B26D6D60D3B2BE058CECC3CF28A&tran_type=success&cardname=ibbl"
        },
        {
            "name": "Citytouch",
            "type": "internetbanking",
            "logo": "https://sandbox.sslcommerz.com/gwprocess/v4/image/gw/citytouch.png",
            "gw": "city",
            "r_flag": "1",
            "redirectGatewayURL": "https://sandbox.sslcommerz.com/gwprocess/v4/bankgw/indexhtmlOTP.php?mamount=100.00&ssl_id=2601062039211HLKZ0VPvziTnri&Q=REDIRECT&SESSIONKEY=5CBD3B26D6D60D3B2BE058CECC3CF28A&tran_type=success&cardname=city"
        },
        {
            "name": "MTBL",
            "type": "internetbanking",
            "logo": "https://sandbox.sslcommerz.com/gwprocess/v4/image/gw/mtbl.png",
            "gw": "mtbl",
            "r_flag": "1",
            "redirectGatewayURL": "https://sandbox.sslcommerz.com/gwprocess/v4/bankgw/indexhtmlOTP.php?mamount=100.00&ssl_id=2601062039211HLKZ0VPvziTnri&Q=REDIRECT&SESSIONKEY=5CBD3B26D6D60D3B2BE058CECC3CF28A&tran_type=success&cardname=mtbl"
        },
        {
            "name": "Bank Asia",
            "type": "internetbanking",
            "logo": "https://sandbox.sslcommerz.com/gwprocess/v4/image/gw/bankasia.png",
            "gw": "bankasia",
            "r_flag": "1",
            "redirectGatewayURL": "https://sandbox.sslcommerz.com/gwprocess/v4/bankgw/indexhtmlOTP.php?mamount=100.00&ssl_id=2601062039211HLKZ0VPvziTnri&Q=REDIRECT&SESSIONKEY=5CBD3B26D6D60D3B2BE058CECC3CF28A&tran_type=success&cardname=bankasia"
        },
        {
            "name": "VISA-Eastern Bank Limited",
            "type": "visa",
            "logo": "https://sandbox.sslcommerz.com/gwprocess/v4/image/gw/visa.png",
            "gw": "ebl_visa",
            "r_flag": "1",
            "redirectGatewayURL": "https://sandbox.sslcommerz.com/gwprocess/v4/bankgw/indexhtmlOTP.php?mamount=100.00&ssl_id=2601062039211HLKZ0VPvziTnri&Q=REDIRECT&SESSIONKEY=5CBD3B26D6D60D3B2BE058CECC3CF28A&tran_type=success&cardname=ebl_visa"
        },
        {
            "name": "MASTER-Eastern Bank Limited",
            "type": "master",
            "logo": "https://sandbox.sslcommerz.com/gwprocess/v4/image/gw/master.png",
            "gw": "ebl_master",
            "r_flag": "1",
            "redirectGatewayURL": "https://sandbox.sslcommerz.com/gwprocess/v4/bankgw/indexhtmlOTP.php?mamount=100.00&ssl_id=2601062039211HLKZ0VPvziTnri&Q=REDIRECT&SESSIONKEY=5CBD3B26D6D60D3B2BE058CECC3CF28A&tran_type=success&cardname=ebl_master"
        },
        {
            "name": "VISA-City Bank",
            "type": "visa",
            "logo": "https://sandbox.sslcommerz.com/gwprocess/v4/image/gw/visa.png",
            "gw": "city_visa",
            "r_flag": "1",
            "redirectGatewayURL": "https://sandbox.sslcommerz.com/gwprocess/v4/bankgw/indexhtmlOTP.php?mamount=100.00&ssl_id=2601062039211HLKZ0VPvziTnri&Q=REDIRECT&SESSIONKEY=5CBD3B26D6D60D3B2BE058CECC3CF28A&tran_type=success&cardname=city_visa"
        },
        {
            "name": "MASTER-City bank",
            "type": "master",
            "logo": "https://sandbox.sslcommerz.com/gwprocess/v4/image/gw/master.png",
            "gw": "city_master",
            "r_flag": "1",
            "redirectGatewayURL": "https://sandbox.sslcommerz.com/gwprocess/v4/bankgw/indexhtmlOTP.php?mamount=100.00&ssl_id=2601062039211HLKZ0VPvziTnri&Q=REDIRECT&SESSIONKEY=5CBD3B26D6D60D3B2BE058CECC3CF28A&tran_type=success&cardname=city_master"
        },
        {
            "name": "TAP",
            "type": "mobilebanking",
            "logo": "https://sandbox.sslcommerz.com/gwprocess/v4/image/gw/tap.png",
            "gw": "mobilemoney",
            "r_flag": "1",
            "redirectGatewayURL": "https://sandbox.sslcommerz.com/gwprocess/v4/bankgw/indexhtmlOTP.php?mamount=100.00&ssl_id=2601062039211HLKZ0VPvziTnri&Q=REDIRECT&SESSIONKEY=5CBD3B26D6D60D3B2BE058CECC3CF28A&tran_type=success&cardname=mobilemoney"
        },
        {
            "name": "upay",
            "type": "mobilebanking",
            "logo": "https://sandbox.sslcommerz.com/gwprocess/v4/image/gw/upay.png",
            "gw": "upay",
            "r_flag": "1",
            "redirectGatewayURL": "https://sandbox.sslcommerz.com/gwprocess/v4/bankgw/indexhtmlOTP.php?mamount=100.00&ssl_id=2601062039211HLKZ0VPvziTnri&Q=REDIRECT&SESSIONKEY=5CBD3B26D6D60D3B2BE058CECC3CF28A&tran_type=success&cardname=upay"
        },
        {
            "name": "okaywallet",
            "type": "mobilebanking",
            "logo": "https://sandbox.sslcommerz.com/gwprocess/v4/image/gw/okwallet.png",
            "gw": "okaywallet",
            "r_flag": "1",
            "redirectGatewayURL": "https://sandbox.sslcommerz.com/gwprocess/v4/bankgw/indexhtmlOTP.php?mamount=100.00&ssl_id=2601062039211HLKZ0VPvziTnri&Q=REDIRECT&SESSIONKEY=5CBD3B26D6D60D3B2BE058CECC3CF28A&tran_type=success&cardname=okaywallet"
        },
        {
            "name": "cellfine",
            "type": "mobilebanking",
            "logo": "https://sandbox.sslcommerz.com/gwprocess/v4/image/gw/cellfin.png",
            "gw": "cellfine",
            "r_flag": "1",
            "redirectGatewayURL": "https://sandbox.sslcommerz.com/gwprocess/v4/bankgw/indexhtmlOTP.php?mamount=100.00&ssl_id=2601062039211HLKZ0VPvziTnri&Q=REDIRECT&SESSIONKEY=5CBD3B26D6D60D3B2BE058CECC3CF28A&tran_type=success&cardname=cellfine"
        },
        {
            "name": "mcash",
            "type": "mobilebanking",
            "logo": "https://sandbox.sslcommerz.com/gwprocess/v4/image/gw/ibblmobile.png",
            "gw": "ibbl_m",
            "r_flag": "1",
            "redirectGatewayURL": "https://sandbox.sslcommerz.com/gwprocess/v4/bankgw/indexhtmlOTP.php?mamount=100.00&ssl_id=2601062039211HLKZ0VPvziTnri&Q=REDIRECT&SESSIONKEY=5CBD3B26D6D60D3B2BE058CECC3CF28A&tran_type=success&cardname=ibbl_m"
        },
        {
            "name": "tapnpay",
            "type": "internetbanking",
            "logo": "https://sandbox.sslcommerz.com/gwprocess/v4/image/gw/tapnpay.png",
            "gw": "tapnpay",
            "r_flag": "1",
            "redirectGatewayURL": "https://sandbox.sslcommerz.com/gwprocess/v4/bankgw/indexhtmlOTP.php?mamount=100.00&ssl_id=2601062039211HLKZ0VPvziTnri&Q=REDIRECT&SESSIONKEY=5CBD3B26D6D60D3B2BE058CECC3CF28A&tran_type=success&cardname=tapnpay"
        },
        {
            "name": "eblsky",
            "type": "internetbanking",
            "logo": "https://sandbox.sslcommerz.com/gwprocess/v4/image/gw/eblsky.png",
            "gw": "eblsky",
            "r_flag": "1",
            "redirectGatewayURL": "https://sandbox.sslcommerz.com/gwprocess/v4/bankgw/indexhtmlOTP.php?mamount=100.00&ssl_id=2601062039211HLKZ0VPvziTnri&Q=REDIRECT&SESSIONKEY=5CBD3B26D6D60D3B2BE058CECC3CF28A&tran_type=success&cardname=eblsky"
        },
        {
            "name": "instapay",
            "type": "internetbanking",
            "logo": "https://sandbox.sslcommerz.com/gwprocess/v4/image/gw/instapay.png",
            "gw": "instapay",
            "r_flag": "1",
            "redirectGatewayURL": "https://sandbox.sslcommerz.com/gwprocess/v4/bankgw/indexhtmlOTP.php?mamount=100.00&ssl_id=2601062039211HLKZ0VPvziTnri&Q=REDIRECT&SESSIONKEY=5CBD3B26D6D60D3B2BE058CECC3CF28A&tran_type=success&cardname=instapay"
        },
        {
            "name": "pmoney",
            "type": "internetbanking",
            "logo": "https://sandbox.sslcommerz.com/gwprocess/v4/image/gw/pmoney.png",
            "gw": "pmoney",
            "r_flag": "1",
            "redirectGatewayURL": "https://sandbox.sslcommerz.com/gwprocess/v4/bankgw/indexhtmlOTP.php?mamount=100.00&ssl_id=2601062039211HLKZ0VPvziTnri&Q=REDIRECT&SESSIONKEY=5CBD3B26D6D60D3B2BE058CECC3CF28A&tran_type=success&cardname=pmoney"
        },
        {
            "name": "woori",
            "type": "internetbanking",
            "logo": "https://sandbox.sslcommerz.com/gwprocess/v4/image/gw/woori.png",
            "gw": "woori",
            "r_flag": "1",
            "redirectGatewayURL": "https://sandbox.sslcommerz.com/gwprocess/v4/bankgw/indexhtmlOTP.php?mamount=100.00&ssl_id=2601062039211HLKZ0VPvziTnri&Q=REDIRECT&SESSIONKEY=5CBD3B26D6D60D3B2BE058CECC3CF28A&tran_type=success&cardname=woori"
        },
        {
            "name": "modhumoti",
            "type": "internetbanking",
            "logo": "https://sandbox.sslcommerz.com/gwprocess/v4/image/gw/modhumoti.png",
            "gw": "modhumoti",
            "r_flag": "1",
            "redirectGatewayURL": "https://sandbox.sslcommerz.com/gwprocess/v4/bankgw/indexhtmlOTP.php?mamount=100.00&ssl_id=2601062039211HLKZ0VPvziTnri&Q=REDIRECT&SESSIONKEY=5CBD3B26D6D60D3B2BE058CECC3CF28A&tran_type=success&cardname=modhumoti"
        },
        {
            "name": "fsibl",
            "type": "internetbanking",
            "logo": "https://sandbox.sslcommerz.com/gwprocess/v4/image/gw/FsiblCloudLogo.png",
            "gw": "fsibl",
            "r_flag": "1",
            "redirectGatewayURL": "https://sandbox.sslcommerz.com/gwprocess/v4/bankgw/indexhtmlOTP.php?mamount=100.00&ssl_id=2601062039211HLKZ0VPvziTnri&Q=REDIRECT&SESSIONKEY=5CBD3B26D6D60D3B2BE058CECC3CF28A&tran_type=success&cardname=fsibl"
        }
    ],
    "is_direct_pay_enable": "0"
}